#separator:;
#html:true
#notetype:Basic
#deck:ENCAPS::Cifras
#tags column:3
#columns:Frente;Reverso;Tags
Bloqueo vacunal ante un caso de SARAMPIÓN: ¿cuántas manzanas alrededor de la vivienda recomienda la OMS como mínimo?;<b>25 manzanas</b> alrededor de la vivienda del caso (bloqueo vacunal).<br>Recall de cifra: distractores 10 / 12 / 15.;ENCAPS::Cifras cod::I-3 critico fuente::2026-II-Q5
Variables epidemiológicas para organizar y describir los datos (tríada descriptiva):;<b>Tiempo, lugar y persona</b> (TLP).<br>No confundir con endemia/epidemia/pandemia (escalas) ni con incidencia/prevalencia (medidas).;ENCAPS::Cifras cod::I-3 critico fuente::2026-II-Q7
Historia natural: gestante expuesta a rubéola, sin síntomas. ¿En qué periodo está y qué nivel de prevención corresponde?;Periodo <b>subclínico</b> (dentro del periodo <b>patogénico</b>) → prevención <b>secundaria</b> (detección precoz).<br>Prepatogénico = antes del contacto con el agente (prevención primaria).;ENCAPS::Cifras cod::I-3 critico fuente::2026-II-Q25 fuente::2025-1A-Q79
¿Cuándo se llena la ficha clínico-epidemiológica de un caso sospechoso de enfermedad de notificación (p. ej. febril con diarrea que llega de zona endémica)?;<b>Inmediatamente</b>, en la primera atención, sin esperar resultados de laboratorio ni segunda consulta.;ENCAPS::Cifras cod::I-3 critico fuente::2026-II-Q32
Notificación de un BROTE (p. ej. ETA tras una fiesta) al nivel inmediato superior: ¿en qué plazo?;<b>Inmediata</b> (dentro de las 24 h de identificado), sin esperar laboratorio ni consolidado semanal.<br>Todo brote es de notificación inmediata (Dir. Sanitaria 046-MINSA/DGE-V.01, RM 506-2012).;ENCAPS::Cifras cod::I-3 critico fuente::2025-1A-Q25
Periodicidad de notificación de un caso PROBABLE de loxoscelismo (directiva de zoonosis, animales ponzoñosos y epizootias):;<b>7 días</b> (notificación semanal), no inmediata.<br>Trampa: lo grave/epidémico es inmediato, el loxoscelismo probable va en el consolidado semanal.;ENCAPS::Cifras cod::I-3 critico fuente::2025-2-Q41
Tipo de vigilancia: el personal SALE a buscar, notificar y registrar casos en visitas domiciliarias (alerta de sarampión).;<b>Activa</b>: búsqueda intencionada y sistemática de casos, incluyendo a quienes NO acudieron al servicio.<br>Se clasifica por QUIÉN detecta y CÓMO llega el dato.;ENCAPS::Cifras cod::I-3 critico fuente::2026-II-Q97
Tipo de vigilancia: el sistema consolida y envía los casos que acuden al servicio (informes de rutina), sin búsqueda en la comunidad.;<b>Pasiva</b> (tradicional): se basa en los sistemas de declaración/notificación rutinaria. Subregistra.;ENCAPS::Cifras cod::I-3 critico fuente::2025-1A-Q22
Tipo de vigilancia: incremento inusual de diarreas mucosanguinolentas en <5 años en un SECTOR concreto (drenaje) de la jurisdicción.;<b>Centinela</b>: sitios/poblaciones seleccionados estratégicamente para detectar tendencias y eventos con detalle.;ENCAPS::Cifras cod::I-3 critico fuente::2026-II-Q41
Tipo de vigilancia cuando los AGENTES COMUNITARIOS (ACS) detectan y reportan los casos de su vecindario:;<b>Comunitaria</b>: detecta la propia comunidad organizada (ACS, promotores). No es sindrómica aunque reporten síndromes.;ENCAPS::Cifras cod::I-3 critico fuente::registro-I-3_SET2-28jul
Relación causal de la TB (M. tuberculosis presente en todos los casos, pero no todos los expuestos enferman):;Causa <b>necesaria pero NO suficiente</b>.<br>Necesaria y suficiente (rara) = virus de la rabia. No necesaria ni suficiente = factores de riesgo de crónicas.;ENCAPS::Cifras cod::I-3 critico fuente::2026-II-Q42 fuente::2025-1A-Q83
Criterios de Hill: ¿qué evalúan el riesgo relativo (RR) y el OR (riesgo relativo indirecto)?;<b>Fuerza de la asociación</b>.<br>Gradiente biológico = relación dosis-respuesta. Temporalidad = la causa precede al efecto.;ENCAPS::Cifras cod::I-3 critico fuente::2026-II-Q49 fuente::2024-2A-Q59
Riesgo relativo (RR) vs odds ratio (OR): ¿en qué diseño se usa cada uno?;<b>RR → cohortes</b> (riesgo en expuestos vs no expuestos).<br><b>OR → casos y controles</b> (probabilidad de exposición en casos vs controles).;ENCAPS::Cifras cod::I-3 critico fuente::compendio-Lopez-SP-2026-I
Sala situacional de dengue analizada con enfoque de EIS (evaluación de impacto en salud) junto al comité multisectorial: ¿cuál es el objetivo?;<b>Promover y garantizar políticas públicas saludables</b> (abogacía intersectorial), no solo ejecutar propuestas del MINSA.;ENCAPS::Cifras cod::I-3 critico fuente::2026-II-Q68
¿Quiénes deben conocer y analizar prioritariamente la sala situacional de salud?;<b>Todo el personal de salud y las autoridades locales</b> (decisión compartida), no solo epidemiología y jefatura.;ENCAPS::Cifras cod::I-3 critico fuente::2025-1A-Q74
Sala de situación instalada tras un terremoto: ¿cuál es su finalidad más importante?;<b>Permitir la toma de decisiones</b> en desastres (no solo informar ni actualizar daños).;ENCAPS::Cifras cod::I-3 critico fuente::2025-2-Q62
Riesgo en desastres producido por animales o plantas que desequilibran el proceso salud-enfermedad:;Riesgo <b>biológico</b> (vs ambiental, social, epidémico).;ENCAPS::Cifras cod::I-3 critico fuente::2026-II-Q34
Acción prioritaria de la intervención inicial DURANTE un desastre:;<b>Rescate de heridos</b> (antes que atención médica, agua o alimentos).;ENCAPS::Cifras cod::I-3 critico fuente::2025-2-Q46
Definición de DESASTRE (evento adverso severo que altera personas, economía, sistemas sociales y ambiente y…):;…<b>exige ayuda externa</b>. Emergencia = se resuelve con recursos locales. Catástrofe/cataclismo no son los términos de la norma.;ENCAPS::Cifras cod::I-3 critico fuente::2025-2-Q9
Incremento de FEBRILES y de ERUPTIVOS en piel en Chiclayo respecto a la semana previa y al año anterior: ¿qué priorizar en la vigilancia?;<b>Dengue y sarampión</b> (coyuntura 2026: brote regional de sarampión + dengue).;ENCAPS::Cifras cod::I-3 critico fuente::2026-II-Q65
Tasa de ATAQUE: definición y ejemplo (I.E. de 100 alumnos, brote de varicela con 50 casos).;Casos nuevos / expuestos en el brote = <b>50 %</b> (es una incidencia especial de brote, el examen la llamó “tasa de incidencia, 50 %”).;ENCAPS::Cifras cod::I-3 critico fuente::2025-1A-Q19 fuente::compendio-Lopez-SP
LETALIDAD vs MORTALIDAD: denominadores.;<b>Letalidad = muertes / ENFERMOS</b> (gravedad de la enfermedad).<br><b>Mortalidad = muertes / POBLACIÓN</b> (riesgo de morir).;ENCAPS::Cifras cod::I-3 critico fuente::compendio-Lopez-SP-2026-I
Incidencia mide la …… y prevalencia mide la …… de la enfermedad.;Incidencia = <b>velocidad</b> (casos nuevos). Prevalencia = <b>magnitud</b> (casos existentes).<br>Alta incidencia + baja prevalencia = enfermedad aguda corta (resfriado común).;ENCAPS::Cifras cod::I-3 critico fuente::2025-1A-Q34 fuente::2025-2-Q91
Primer caso de tos ferina CAPTADO por el servicio en una comunidad: ¿qué tipo de caso es?;Caso <b>índice</b> (primero detectado y reportado). No necesariamente el primario (primero infectado).;ENCAPS::Cifras cod::I-3 critico fuente::2024-2A-Q95
Enfermedad en fase de ELIMINACIÓN (sarampión, polio): ¿cuántos casos constituyen brote?;<b>UN solo caso</b> ya es brote (Dir. Adm. 341-MINSA/CDC-2023, 5.1.a) y dispara bloqueo vacunal + búsqueda activa.;ENCAPS::Cifras cod::I-3 critico fuente::Dir-341-2023-5.1.a
Primera etapa de la investigación epidemiológica de un brote:;<b>Investigación preliminar</b> (verificar diagnóstico y confirmar el brote) → luego búsqueda de casos → control → informe.;ENCAPS::Cifras cod::I-3 critico fuente::2025-2-Q22
Número reproductivo básico (Ro) esperado en un brote (fiebre amarilla):;<b>Ro > 1</b> (cada caso genera más de un caso nuevo). Ro < 1 = el brote se extingue.;ENCAPS::Cifras cod::I-3 critico fuente::2025-1A-Q81
Modalidad de notificación: ¿qué eventos se notifican CONSOLIDADOS (no individuales)?;Solo <b>EDAS, IRAS/neumonías/SOB-asma e IIH</b> (IIH: consolidada y MENSUAL). Casi todo lo demás es INDIVIDUAL (Dir. 046, Anexo 01).;ENCAPS::Cifras cod::I-3 critico fuente::Dir-046-Anexo-01
EVISAP vs ESAVI (siglas que NO son lo mismo):;<b>EVISAP</b> = Evento de Importancia para la Salud Pública (Dir. 047 / 341-2023).<br><b>ESAVI</b> = Evento Severo Supuestamente Atribuido a Vacunación/Inmunización (Dir. 046 Anexo 01 N.39, T88.1, notificación INMEDIATA).;ENCAPS::Cifras cod::I-3 critico fuente::PROTOCOLO-§6
Índice aédico 3 % + casos autóctonos de dengue en junio-julio: ¿qué control entomológico corresponde?;<b>Control larvario químico con pyriproxyfen al 100 % de las viviendas</b> (no nebulización al 40 % ni adulticida al 50 %).;ENCAPS::Cifras cod::I-4 critico fuente::2026-II-Q6
Escenarios epidemiológicos del dengue (I / II / III):;<b>I</b> = sin vector. <b>II</b> = vector + casos IMPORTADOS, sin autóctonos. <b>III</b> = vector + casos AUTÓCTONOS (III-brote: limitado en tiempo/lugar, III-endémico: transmisión sostenida).;ENCAPS::Cifras cod::I-4 critico fuente::2026-II-Q51 fuente::2024-2A-Q31
Fallecido con probable dengue: ¿antes de cuántas horas debe obtenerse la muestra de hígado, bazo y ganglios?;Antes de las <b>24 horas</b> del fallecimiento.;ENCAPS::Cifras cod::I-4 critico fuente::2026-II-Q91
Dengue grupo B2 en la UVICLIN: volumen inicial de solución salina 0,9 %.;<b>10 ml/kg en 1 hora</b> y reevaluar. (20 ml/kg = carga del choque, grupo C).;ENCAPS::Cifras cod::I-4 critico fuente::2024-2A-Q90
Gestante con dengue sin signos de alarma: ¿a qué grupo de manejo pertenece?;Grupo <b>B1</b> (condición asociada/riesgo social: gestante, <1 año, adulto mayor, comorbilidad) → observación/manejo supervisado.;ENCAPS::Cifras cod::I-4 critico fuente::2024-2A-Q75
Dengue: fiebre + dolor abdominal + plaquetas 80.000 sin choque = ¿clasificación?;<b>Dengue con signos de alarma</b>. Grave = choque, distrés respiratorio, sangrado grave o daño de órgano (PA 70/50, SatO2 89 %).;ENCAPS::Cifras cod::I-4 critico fuente::2024-2A-Q40 fuente::2024-2A-Q83
Actividad de vigilancia entomológica cuando NO hay vector ni casos pero sí condiciones para la infestación:;Vigilancia <b>semanal en un punto crítico con ovitrampas</b>.;ENCAPS::Cifras cod::I-4 critico fuente::2025-2-Q23
Aedes aegypti hembra: ¿cuándo pica preferentemente?;<b>Al amanecer y al atardecer</b>, transmite durante toda su vida.;ENCAPS::Cifras cod::I-4 critico fuente::2025-1A-Q54
Mordedura superficial de perro en antebrazo, lavada 10 min con agua y jabón: clasificación de la exposición a rabia.;Exposición <b>LEVE</b> (superficial, en extremidad). Grave = cabeza/cuello/manos, múltiples, profundas o por animal silvestre/desconocido.;ENCAPS::Cifras cod::I-4 critico fuente::2026-II-Q14
Mascarilla N95 + alcohol gel + guantes desechables + EPP según grupo de exposición: recomendaciones para contactos con riesgo de…;<b>Influenza A (H1N1)</b> (precauciones por gotas/aéreas).;ENCAPS::Cifras cod::I-4 critico fuente::2026-II-Q20
Malaria en Loreto con fiebre, ictericia y orina rojiza: especie más frecuente en la zona.;<b>P. falciparum</b> (formas graves). P. vivax es la más frecuente a nivel nacional pero la viñeta grave en Loreto apunta a falciparum.;ENCAPS::Cifras cod::I-4 critico fuente::2025-2-Q48
Dos casos de PESTE hospitalizados sin saber si hay más en la comunidad: medida INICIAL.;<b>Medidas de bioseguridad e identificar las casas de los infectados</b> (antes que control de roedores o de pulgas).;ENCAPS::Cifras cod::I-4 critico fuente::2025-1A-Q93
Primer caso de leishmaniasis en zona de sierra sin reporte de Lutzomyia: ¿qué recomienda para el control vectorial?;<b>Identificar la presencia del vector</b> en los sitios probables de infección (investigación de foco) antes de cualquier control químico.;ENCAPS::Cifras cod::I-4 critico fuente::2025-2-Q66
Intervalo MÍNIMO entre dos vacunas vivas atenuadas inyectables no aplicadas el mismo día (SPR → varicela):;<b>1 mes</b> (4 semanas).;ENCAPS::Cifras cod::II-3 critico fuente::2026-II-Q4
Kit de ESAVI: dosis de epinefrina 1:1000 intramuscular.;<b>0,01 mg/kg</b> IM (máx. 0,5 mg). El kit lleva epinefrina, hidrocortisona y clorfenamina.;ENCAPS::Cifras cod::II-3 critico fuente::2026-II-Q23
Gestante de 32 semanas no controlada, captada en extramuros: PRIMERA vacuna a indicar.;<b>Virus respiratorio sincitial (VRS)</b>: se aplica entre las <b>32 y 36 semanas</b> de gestación.;ENCAPS::Cifras cod::II-3 critico fuente::2026-II-Q22
Vacuna para inmunización pasiva del recién nacido contra TOS FERINA en la gestante (29 semanas, primer control):;<b>Tdap</b>: 1 dosis en cada gestación, entre las <b>20 y 36 semanas</b>.;ENCAPS::Cifras cod::II-3 critico fuente::2026-II-Q79 fuente::compendio-Lopez-CI
Niña de 4 años con fiebre 39 °C, dolor, tumefacción y enrojecimiento en el hombro al día siguiente de la DPT: tipo de ESAVI.;Evento <b>relacionado con la vacuna</b> (reacción propia del producto).<br>Coincidente = otra etiología lo explica. Error programático = fallo de técnica. No concluyente = sin relación establecida.;ENCAPS::Cifras cod::II-3 critico fuente::2026-II-Q33 fuente::2024-2A-Q98
ESAVI SEVERO: criterios (uno o más).;<b>Hospitalización, riesgo de muerte, discapacidad o fallecimiento</b>. Notificación INMEDIATA e investigación (Dir. 054-MINSA/DGE).;ENCAPS::Cifras cod::II-3 critico fuente::2024-2A-Q92 fuente::compendio-Lopez-CI
Lactante de 6 meses con esquema AL DÍA: ¿qué vacuna le corresponde en la cita?;<b>2.ª dosis de influenza</b> (no la 1.ª). SPR y antiamarílica son a los 12 meses. Hecho del gate §3-bis (la guía lo tenía mal).;ENCAPS::Cifras cod::II-3 critico fuente::2025-2-Q97
Escolar de 4 años: vacunas que previenen la tos ferina que debe tener.;<b>Pentavalente 3 dosis + DPT 2 dosis</b> (refuerzos a los 18 meses y 4 años).;ENCAPS::Cifras cod::II-3 critico fuente::2025-2-Q86
Cadena de frío: rango de conservación de vacunas y temperatura media ideal.;Conservación <b>+2 °C a +8 °C</b>, media ideal +4 a +6 °C, oscilación +3 a +7 °C.<br>Las vacunas adsorbidas (DPT, pentavalente, HvB, Tdap, IPV, neumococo) se dañan con la CONGELACIÓN (test de agitación).;ENCAPS::Cifras cod::II-3 critico fuente::compendio-Lopez-CI fuente::Theomed-CI
Personal de salud que NO puede acreditar vacunación previa contra hepatitis B: conducta.;<b>Vacunar desde la primera dosis</b> (esquema completo), no una dosis de refuerzo.;ENCAPS::Cifras cod::II-3 critico fuente::2025-1A-Q45
Sensores del control termostático de la refrigeradora de farmacia/vacunas: requisito clave.;<b>Deben estar calibrados</b>.;ENCAPS::Cifras cod::II-3 critico fuente::2025-1A-Q47
Suplementación PREVENTIVA en adolescentes y mujeres en edad fértil (Hb ≥ 12 g/dL): dosis, frecuencia, duración.;<b>60 mg hierro elemental + 400 µg ácido fólico</b>, <b>2 veces por semana</b>, <b>3 meses</b> cada año.;ENCAPS::Cifras cod::II-4 critico fuente::2026-II-Q52 fuente::compendio-Lopez-CI
Escolar de 5-11 años con Hb 11,5-11,9 g/dL en tamizaje: indicación de hierro elemental.;<b>60 mg diarios (jarabe o tableta) por 3 meses</b>.;ENCAPS::Cifras cod::II-4 critico fuente::2026-II-Q78
Gestante con ANEMIA ferropénica: dosis diaria oral de tratamiento (hierro + ácido fólico).;<b>120 mg de hierro elemental + 800 µg de ácido fólico</b> al día (el doble de la preventiva 60 + 400).;ENCAPS::Cifras cod::II-4 critico fuente::2025-1A-Q66 fuente::Theomed-CI
Gestante SIN anemia: suplementación preventiva (desde qué semana, dosis, hasta cuándo).;Desde la <b>semana 14</b>: <b>60 mg Fe + 400 µg AF</b> diarios hasta el parto (Theomed: hasta 30 días post parto). Si inicia DESPUÉS de la semana 32: 120 mg + 800 µg.;ENCAPS::Cifras cod::II-4 critico fuente::compendio-Lopez-CI fuente::Theomed-CI
Lactante de 6 meses, 8 kg, Hb 10,8 g/dL (norma de anemia 2024): dosis de suplementación indicada en mg.;<b>16 mg</b> (clave oficial 2024-2A Q8) = 2 mg/kg/día de hierro elemental.<br>Hierro terapéutico en niños con anemia: 3 mg/kg/día (Theomed CI).;ENCAPS::Cifras cod::II-4 critico fuente::2024-2A-Q8 fuente::Theomed-CI
Plan multisectorial de lucha contra la anemia: la articulación de intervenciones entre salud, educación, vivienda, agricultura… es…;<b>intersectorial</b>.;ENCAPS::Cifras cod::II-4 critico fuente::2026-II-Q47
Consejería nutricional por curso de vida (OMS): las comidas deben hacerse en…;<b>familia</b> (comer en familia).;ENCAPS::Cifras cod::II-4 critico fuente::2026-II-Q73
Vitamina A en niños de zonas priorizadas: dosis por edad y frecuencia.;<b>6-11 meses: 100.000 UI</b> VO · <b>12-59 meses: 200.000 UI</b> VO · cada 6 meses.;ENCAPS::Cifras cod::II-4 critico fuente::Theomed-CI
Riesgo nutricional en niño de 3 años sin CRED: hallazgo que lo demuestra.;<b>Curva peso/talla plana</b> (no la mediana ni pérdida lenta).;ENCAPS::Cifras cod::II-4 critico fuente::2025-1A-Q75
Adolescente con TATUAJES extensos: ¿qué área de la salud integral está en riesgo?;<b>Psicosocial</b> (no sexual, ni nutricional, ni física).;ENCAPS::Cifras cod::II-5 critico fuente::2026-II-Q1
Actividad que fortalece los FACTORES PROTECTORES del adolescente en la atención integral:;<b>Consejería</b> (no Tanner, ni agudeza visual, ni evaluación postural).;ENCAPS::Cifras cod::II-5 critico fuente::2026-II-Q27
NTS del adolescente: el abordaje iniciado en la institución educativa debe CONTINUAR en…;<b>los establecimientos de salud</b>.;ENCAPS::Cifras cod::II-5 critico fuente::2026-II-Q96
El estado de salud de una jurisdicción se evalúa por el cumplimiento de …… sanitarios por curso de vida.;<b>indicadores</b> sanitarios (no paquetes ni objetivos).;ENCAPS::Cifras cod::II-5 critico fuente::2026-II-Q98
Que el adolescente alcance desarrollo físico, maduración mental, desarrollo emocional y social es objetivo de:;<b>Cuidado integral por curso de vida</b>.;ENCAPS::Cifras cod::II-5 critico fuente::2026-II-Q99
Paquete preventivo del adolescente: ¿cuántas mediciones de hemoglobina al año?;<b>2</b> mediciones al año.;ENCAPS::Cifras cod::II-5 critico fuente::2025-1A-Q14
Perímetro abdominal en adolescentes: valor que define riesgo ALTO cardiovascular/metabólico.;<b>Percentil ≥ 75 y < 90</b> (≥ 90 = muy alto).;ENCAPS::Cifras cod::II-5 critico fuente::2024-2A-Q5
Definición de CURSO DE VIDA (MCI):;Sucesión de eventos a lo largo de la existencia de las personas y la población, que interactúan e influyen en su salud <b>desde la preconcepción hasta la muerte</b>.;ENCAPS::Cifras cod::II-5 critico fuente::2025-1A-Q3
Herramienta de gestión de la RIS que asegura integralidad y longitudinalidad del cuidado en diferentes escenarios:;<b>Vías de cuidados integrales de salud</b>.;ENCAPS::Cifras cod::II-5 critico fuente::2024-2A-Q62
Consejería en lactancia materna: ¿desde qué semana de gestación?;Desde las <b>32 semanas</b>.;ENCAPS::Cifras cod::II-1 rebote fuente::2026-II-Q55
Periodicidad óptima de los controles prenatales:;<b>Mensual hasta la semana 32 · quincenal de 33 a 36 · semanal desde la 37</b> hasta el parto.;ENCAPS::Cifras cod::II-1 rebote fuente::compendio-Lopez-CI
Gestante ≥ 20 semanas con PA 170/110 + cefalea + visión borrosa + convulsión/alteración de conciencia:;<b>Eclampsia</b> → sulfato de magnesio IV y referencia. Sin convulsión = preeclampsia severa (2025-1A Q63: sulfato de magnesio).;ENCAPS::Cifras cod::II-1 rebote fuente::2025-2-Q79 fuente::2025-1A-Q63
Sangrado vaginal indoloro rojo rutilante a las 26 semanas sin contracciones:;<b>Placenta previa</b> (DPP = doloroso, útero hipertónico).;ENCAPS::Cifras cod::II-1 rebote fuente::2025-2-Q51
Gestante con SÍFILIS a 4 semanas del parto: tratamiento completo para prevenir sífilis congénita.;<b>Penicilina G benzatínica 2,4 millones UI IM, 1 vez por semana × 3 semanas</b>.;ENCAPS::Cifras cod::II-11 rebote fuente::2026-II-Q85 fuente::compendio-Lopez-CI
PrEP (VIH): ¿a quién? (edad, riesgo, ventana):;Personas <b>≥ 18 años</b> en alto riesgo (HSH, MT, TS, parejas serodiscordantes), sin VIH y <b>sin exposición de riesgo en las últimas 72 h</b>, que acuden voluntariamente.;ENCAPS::Cifras cod::II-11 rebote fuente::2026-II-Q53
Pinchazo con aguja usada en paciente con estado VIH desconocido: acción INMEDIATA.;<b>Lavar la herida con agua y tomar los antirretrovirales lo antes posible</b> (PEP), luego notificar el accidente.;ENCAPS::Cifras cod::II-11 rebote fuente::2025-1A-Q82 fuente::2025-2-Q83
Actividad física de intensidad moderada recomendada por la OMS al adulto (riesgo cardiovascular):;<b>≥ 150 minutos por semana</b>.;ENCAPS::Cifras cod::II-8 rebote fuente::2026-II-Q90 fuente::Theomed-CI
Paquete de ENT en primer nivel: componente del paquete BÁSICO y del paquete COMPLETO (ejemplo del examen).;Básico: <b>alimentación saludable</b> · Completo: <b>salud ocular</b>.;ENCAPS::Cifras cod::II-8 rebote fuente::2026-II-Q17
HbA1c que indica control metabólico ÓPTIMO en DM2 (meta MINSA):;<b>< 7 %</b>.;ENCAPS::Cifras cod::II-8 rebote fuente::2025-1A-Q9 fuente::Theomed-CI
Prediabetes por glicemia en ayunas: rango en mg/dL y siguiente paso.;<b>100-125 mg/dL</b> → <b>test de tolerancia oral a la glucosa</b> (prueba confirmatoria), NO repetir la glicemia.;ENCAPS::Cifras cod::II-8 rebote fuente::2024-2A-Q64 fuente::2025-2-Q89
PA 140/90 en consulta, sin antecedentes: conducta ideal para confirmar HTA.;<b>Confirmar con MAPA</b> (monitoreo ambulatorio), no nueva toma de PA ni tratamiento inmediato.;ENCAPS::Cifras cod::II-8 rebote fuente::2025-1A-Q88
HTA esencial en ≥ 18 años sin comorbilidad: grupo farmacológico de primera elección.;<b>Diuréticos tiazídicos</b>.;ENCAPS::Cifras cod::II-8 rebote fuente::2025-1A-Q53
Consumo de sodio recomendado por OMS/FAO:;<b>< 5 g/día</b> de sal (sodio ~2 g).;ENCAPS::Cifras cod::II-8 rebote fuente::2024-2A-Q100
Perímetro de cintura límite en personas con diabetes (mujer / varón):;Mujer <b>87 cm</b> · Varón <b>93 cm</b>.;ENCAPS::Cifras cod::II-8 rebote fuente::2025-2-Q2 fuente::2025-2-Q33
Prioridad II en emergencia (RM de julio 2026): tiempo máximo de atención.;<b>≤ 10 minutos</b> desde el triaje.;ENCAPS::Cifras cod::II-EMG fuente::2026-II-Q16
Prioridad III en emergencia (lactante con vómitos y diarrea SIN deshidratación): tiempo máximo.;<b>≤ 30 minutos</b> desde el triaje (RM jul-2026).<br>⚠ CCSN: la NTS previa (manuales 2026-I) decía 20 min, el examen 2026-II usó la RM nueva: 30.;ENCAPS::Cifras cod::II-EMG fuente::2026-II-Q59 fuente::Theomed-CI
Prioridad I en emergencia: tiempo y área de destino.;<b>Inmediata</b> → sala de reanimación / shock trauma (gravedad súbita extrema).;ENCAPS::Cifras cod::II-EMG fuente::Theomed-CI
EDA persistente: definición de caso (días).;Diarrea aguda infecciosa que se prolonga <b>≥ 14 días</b>.;ENCAPS::Cifras cod::II-2 fuente::2024-2A-Q56
Lactante de 3 meses con bronquiolitis, FR 70, retracción subcostal, dificultad para lactar (ESBA severo): conducta.;<b>Referir a hospital</b> (no manejo ambulatorio ni antibióticos).;ENCAPS::Cifras cod::II-2 fuente::2026-II-Q24
Sarampión confirmado clínicamente (Koplik, exantema): intervención PRIORITARIA para evitar secuelas.;<b>Vitamina A (retinol)</b>.;ENCAPS::Cifras cod::II-2 fuente::2026-II-Q31
Complicación tardía y fatal del sarampión:;<b>Panencefalitis esclerosante subaguda</b> (PEES).;ENCAPS::Cifras cod::II-2 fuente::2026-II-Q61
Caso probable de TOS FERINA: medidas a implementar (bundle correcto).;<b>Seguimiento de contactos + búsqueda activa comunitaria e institucional + bloqueo vacunal</b>.;ENCAPS::Cifras cod::II-2 fuente::2025-1A-Q80
Personal de salud diagnosticado de TB: tipo de licencia.;Licencia <b>con goce de remuneraciones</b>.;ENCAPS::Cifras cod::II-6 fuente::2026-II-Q26
Persona con TB con compromiso del parénquima pulmonar, con o sin confirmación bacteriológica: definición de caso.;Caso <b>de TB pulmonar</b> (no “probable”, no “índice”).;ENCAPS::Cifras cod::II-6 fuente::2026-II-Q67
Terapia preventiva de TB (TPT): ¿quiénes? y requisito previo.;<b>Contactos de caso índice de TB pulmonar y personas con VIH</b>, SIEMPRE tras descartar TB activa (e inmunosupresión no evaluada = no iniciar).;ENCAPS::Cifras cod::II-6 fuente::2025-1A-Q50 fuente::2025-2-Q71
TB en tratamiento que no mejora al 3.er mes + contacto TB-DR: conducta inicial.;<b>Muestra de esputo para prueba de sensibilidad rápida</b> (antes de iniciar esquema DR o referir al consultor).;ENCAPS::Cifras cod::II-6 fuente::2025-2-Q4
PCA-PANTBC: porcentaje del requerimiento calórico-proteico mensual que cubre la ración.;<b>50 %</b> (para la PAT y 4 contactos intradomiciliarios).;ENCAPS::Cifras cod::II-6 fuente::2024-2A-Q72 fuente::Theomed-CI
Estudio de contactos de TB en población cerrada/semicerrada: plazo límite.;<b>≤ 7 días calendario</b>.;ENCAPS::Cifras cod::II-6 fuente::Theomed-CI
Signos que hacen sospechar CÁNCER INFANTIL en el examen del niño:;<b>Fiebre > 7 días sin causa conocida + adenopatías > 2,5 cm no dolorosas sin inflamación</b>.;ENCAPS::Cifras cod::II-10 fuente::2026-II-Q43
Mujer de 55 años, nulípara, IMC 32, nunca tamizada, acude al I-2 para examen clínico de mama: conducta.;<b>Referencia para mamografía</b> (tamizaje: mamografía cada 2 años según manual Theomed).;ENCAPS::Cifras cod::II-10 fuente::2026-II-Q80 fuente::Theomed-CI
PAP positivo en mujer de 55 años: siguiente paso del flujograma de cáncer de cuello uterino.;<b>Colposcopía</b>.;ENCAPS::Cifras cod::II-10 fuente::2025-1A-Q37
VACAM CORTA: ¿en qué categorías de EESS se aplica?;<b>I-2, I-3 y I-4</b>. En el I-1 corresponde la VACAM BREVE.;ENCAPS::Cifras cod::II-7 fuente::2026-II-Q46 fuente::2024-2A-Q69
Test de deterioro cognitivo del adulto mayor aplicable en el primer nivel (MAIS):;<b>Test de Pfeiffer</b> (Yesavage = depresión).;ENCAPS::Cifras cod::II-7 fuente::2025-1A-Q57
Modelo de atención centrado en la comunidad, continuidad de cuidados y participación protagónica de la comunidad en salud mental:;Modelo <b>comunitario de salud mental</b>. Los CSMC son EESS de categoría I-3 o I-4.;ENCAPS::Cifras cod::II-9 fuente::2026-II-Q36 fuente::compendio-Lopez-SP
Programación del Plan Operativo Institucional (POI): ¿a quién le corresponde?;A la <b>Unidad Ejecutora</b> (no al EESS ni a la zona sanitaria).;ENCAPS::Cifras cod::V-2 critico fuente::2026-II-Q3
POI multianual: vigencia máxima en años.;<b>3 años</b> (instrumento de gestión con metas físicas y costeo de los próximos 3 años). El POI anual = 1 año.;ENCAPS::Cifras cod::V-2 critico fuente::2024-2A-Q27 fuente::2025-1A-Q42
PEI: ¿cuál es el plazo que usó el examen 2025-II en su definición? ¿Y el ciclo CEPLAN?;El enunciado del examen dijo <b>“plazo de tres años”</b> (2025-2 Q52 → PEI). Compendio/CEPLAN: mediano plazo (5 años). Regla: responder lo que dice el enunciado.;ENCAPS::Cifras cod::V-2 critico fuente::2025-2-Q52 fuente::compendio-Lopez-GES
¿En qué documento se cambian las metas físicas y se incorporan o inactivan actividades operativas por cambios del entorno?;<b>POI</b> (no PEI, no ASIS, no PSL).;ENCAPS::Cifras cod::V-2 critico fuente::2026-II-Q94
Definir “condiciones futuras que se esperan lograr, enunciados claros de resultados en salud” es un ejemplo de:;<b>Objetivos estratégicos</b> (PEI).;ENCAPS::Cifras cod::V-2 critico fuente::2026-II-Q28
Fases del ciclo de planeamiento estratégico (CEPLAN): ¿qué fase es el análisis de la situación actual y cuál diseña objetivos y acciones?;<b>Fase 1</b> = análisis/conocimiento integral de la situación actual · <b>Fase 3</b> = políticas y planes coordinados (diseño de objetivos y acciones estratégicas) · Fase 2 = futuro deseado · Fase 4 = seguimiento y evaluación.;ENCAPS::Cifras cod::V-2 critico fuente::2025-1A-Q15 fuente::2025-2-Q29
Lo PRIMERO que hace el serumista para desarrollar el POI al llegar al EESS:;<b>Análisis situacional</b>.;ENCAPS::Cifras cod::V-2 critico fuente::2024-2A-Q76
FODA: regla interno/externo y 4 ejemplos del examen.;Interno → <b>Fortalezas / Debilidades</b> · Externo → <b>Oportunidades / Amenazas</b>.<br>ACS que participan en control vectorial = fortaleza (Q19) · personal con maestrías = fortaleza y técnico regidor = oportunidad (Q89) · costumbres negativas de la población = amenaza (2025-1A Q62).;ENCAPS::Cifras cod::V-2 critico fuente::2026-II-Q19 fuente::2026-II-Q89 fuente::2025-1A-Q62
Misión vs Visión:;<b>Misión</b> = razón de ser, lo que se hace HOY (orienta prioridades y objetivos estratégicos) · <b>Visión</b> = futuro deseado compartido.;ENCAPS::Cifras cod::V-2 critico fuente::2025-1A-Q72 fuente::2025-1A-Q73
Clima organizacional (definición SERVIR):;<b>Percepción colectiva de satisfacción de los servidores civiles sobre el ambiente de trabajo</b>.;ENCAPS::Cifras cod::V-2 critico fuente::2026-II-Q100
Gestión del clima organizacional: ¿en cuántas y cuáles fases se divide?;<b>3 fases: planificación, intervención y evaluación</b>.;ENCAPS::Cifras cod::V-2 critico fuente::2026-II-Q62
Dimensiones del clima organizacional que ha preguntado el examen:;<b>Toma de decisiones</b> (jefe no autoriza reunión, 2026-II Q11) · <b>Conflicto y cooperación</b> (nivel de colaboración y apoyos, 2024-2A Q73) · otras: estructura, recompensa, identidad, comunicación, confort.;ENCAPS::Cifras cod::V-2 critico fuente::2026-II-Q11 fuente::2024-2A-Q73
Cultura organizacional: definición y criterio que la diferencia del clima.;Forma característica de pensar y hacer (principios, valores, creencias, normas), <b>tiene carácter duradero</b>. El clima es una percepción cambiante.;ENCAPS::Cifras cod::V-2 critico fuente::2025-1A-Q51 fuente::2025-2-Q58
Evaluación y mejora continua de la atención con usuarios satisfechos: ¿a qué proceso pertenece?;<b>Gestión de la calidad</b>.;ENCAPS::Cifras cod::V-2 critico fuente::2026-II-Q82
Buzón de sugerencias del plan anual de calidad: frecuencia de apertura.;<b>Mensual</b>.;ENCAPS::Cifras cod::V-2 critico fuente::2024-2A-Q26
Acreditación de EESS: fases y umbrales.;Fases: <b>autoevaluación + evaluación externa</b>. ≥ 85 % → puede acreditar por evaluación externa · 70-84 % no aprobado, <b>6 meses</b> para corregir. I-4: <b>22 macroprocesos</b>.;ENCAPS::Cifras cod::V-2 critico fuente::2024-2A-Q43 fuente::2024-2A-Q67 fuente::compendio-Lopez-GES
Recipiente de PUNZOCORTANTES: volumen máximo de llenado antes de cambiarlo.;<b>3/4 partes</b>.;ENCAPS::Cifras cod::V-2 critico fuente::2026-II-Q83
Colores de bolsa en residuos sólidos hospitalarios (rojo / amarillo / negro):;<b>Rojo = biocontaminados</b> (clase A) · <b>Amarillo = especiales</b> (clase B: químicos, farmacéuticos, radiactivos) · <b>Negro = comunes</b> (clase C).;ENCAPS::Cifras cod::V-2 critico fuente::2026-II-Q8 fuente::compendio-Lopez-SP
Medicamentos vencidos: ¿qué tipo de residuo son?;<b>Especiales</b> (bolsa amarilla).;ENCAPS::Cifras cod::V-2 critico fuente::2024-2A-Q28
Residuos comunes tipo C2: ejemplos.;<b>Madera, placas radiológicas, frascos de suero sin equipo de venoclisis</b> y todo lo que no tuvo contacto con pacientes ni está contaminado.;ENCAPS::Cifras cod::V-2 critico fuente::2025-2-Q72
Ambiente obligatorio en los planos de un futuro EESS I-3 según norma de residuos:;<b>Zona de selección de residuos sólidos</b>.;ENCAPS::Cifras cod::V-2 critico fuente::2025-1A-Q26
Requerimiento de RRHH: ¿qué documentos de gestión se usan para evaluar la brecha y para definir el perfil del cargo?;Brecha: <b>ROF - CAP</b> · Perfil del cargo: <b>MOF</b> · Contrato CAS: plaza dentro del <b>CAP</b>.;ENCAPS::Cifras cod::V-2 critico fuente::2024-2A-Q41 fuente::2024-2A-Q25 fuente::2025-2-Q53
EESS de categoría I-2: personal mínimo y UPSS.;<b>Médico, enfermera, obstetra y técnico de enfermería</b>, solo UPSS <b>consulta externa</b> (intra y extramural).;ENCAPS::Cifras cod::V-1 fuente::2024-2A-Q79 fuente::2025-1A-Q38 fuente::2025-2-Q82
Pasar de I-2 a I-3: ¿qué profesionales/personal incorpora? ¿Qué UPSS lo define?;<b>Odontología y laboratorio</b> (UPSS <b>patología clínica</b>).;ENCAPS::Cifras cod::V-1 fuente::2026-II-Q10 fuente::2025-2-Q42
Categorización de EESS: ¿quién asigna la categoría y cuánto dura el acto resolutivo?;El <b>Comité Técnico de Categorización</b>, resolución con vigencia de <b>3 años</b>.;ENCAPS::Cifras cod::V-1 fuente::2025-2-Q13 fuente::compendio-Lopez-GES
Referencia a otro EESS: ¿qué debe evaluar antes? ¿Vigencia de la hoja de referencia para consulta externa?;La <b>cartera de servicios</b> del destino · hoja de referencia (original + 2 copias) vigente <b>60 días</b>.;ENCAPS::Cifras cod::V-1 fuente::2025-1A-Q23 fuente::compendio-Lopez-GES
Contrarreferencia de un paciente cuyo problema se resolvió PARCIALMENTE y continúa tratamiento en origen:;Condición <b>“mejorado”</b> (no curado, no deserción).;ENCAPS::Cifras cod::V-1 fuente::2025-1A-Q16
RIS: 4 dimensiones y a cuál pertenece “primer nivel como puerta de entrada”.;<b>Gobernanza, gestión, prestación y financiamiento</b>. Puerta de entrada = dimensión de <b>prestación</b>.;ENCAPS::Cifras cod::V-3 fuente::2026-II-Q2 fuente::2025-2-Q39
Gestión de recursos humanos (definición):;Capacidad de mantener a la organización <b>productiva, eficiente y eficaz</b> a partir del uso adecuado de su recurso humano, con las personas y sus relaciones como objetivo.;ENCAPS::Cifras cod::V-RRHH fuente::2026-II-Q58
Proceso que socializa y facilita la adaptación planificada de quien ingresa a un puesto (información del Estado, la entidad, normas y el puesto):;<b>Inducción</b>.;ENCAPS::Cifras cod::V-RRHH fuente::2024-2A-Q94
TELESALUD (Ley 30421): definición.;Servicio de salud a distancia prestado por personal competente a través de las <b>TIC</b>, para que los servicios sean accesibles y oportunos.;ENCAPS::Cifras cod::V-6 fuente::2026-II-Q84
Teleconsulta / Teleorientación / Telemonitoreo / Teleinterconsulta: cuatro definiciones en una línea cada una.;<b>Teleconsulta</b> = atención con dx/tto · <b>Teleorientación</b> = consejería y asesoría · <b>Telemonitoreo</b> = seguimiento a distancia de datos clínicos · <b>Teleinterconsulta</b> = personal de salud → profesional de salud, la persona usuaria puede estar <b>presente o no</b>.;ENCAPS::Cifras cod::V-6 fuente::2026-II-Q93 fuente::2025-1A-Q65 fuente::2025-2-Q60
Contrataciones del Estado: el jefe del EESS que hace el requerimiento y los términos de referencia es el…;<b>Área usuaria</b>.;ENCAPS::Cifras cod::V-MED fuente::2026-II-Q69
Estudio de mercado para comprar un dispositivo médico: cotizaciones mínimas.;<b>3</b>.;ENCAPS::Cifras cod::V-MED fuente::2024-2A-Q21
Causal de exclusión de proveedores adjudicatarios:;Estar <b>impedido de contratar con el Estado</b>.;ENCAPS::Cifras cod::V-MED fuente::2024-2A-Q17
Medicamentos ESENCIALES: definición.;Cubren la mayor parte de la morbilidad del país y han demostrado ser <b>seguros, eficaces y costo-efectivos</b> (PNUME), deben estar disponibles en todo momento.;ENCAPS::Cifras cod::V-MED fuente::2026-II-Q71 fuente::2025-1A-Q30
Farmacovigilancia: método más común para identificar sospechas de RAM.;<b>Sistema de notificaciones espontáneas</b>. Plazos: RAM grave 24 h · moderada/leve 72 h (Theomed SP). Rector: <b>DIGEMID</b> (Centro Nacional de Farmacovigilancia).;ENCAPS::Cifras cod::V-MED fuente::2026-II-Q76 fuente::2024-2A-Q13 fuente::Theomed-SP
Uso racional de medicamentos (definición):;Medicación <b>adecuada a la necesidad clínica, dosis según requisitos individuales, tiempo adecuado y al menor costo</b> para el paciente y la comunidad.;ENCAPS::Cifras cod::V-MED fuente::2024-2A-Q96
Abastecimiento adecuado de productos farmacéuticos: meses de stock disponible.;<b>6 meses</b>.;ENCAPS::Cifras cod::V-MED fuente::2024-2A-Q30
Disponibilidad óptima esperada de medicamentos esenciales en la farmacia (indicador):;<b>90 % a 100 %</b>.;ENCAPS::Cifras cod::V-MED fuente::2024-2A-Q39
Productos vencidos hallados en inventario: ¿dónde se almacenan para baja/destrucción? ¿Qué hace el EESS al recibirlos?;Almacén <b>central</b> (baja y destrucción final) · en el EESS: <b>devolver a farmacia con informe</b>.;ENCAPS::Cifras cod::V-MED fuente::2024-2A-Q3 fuente::2025-2-Q10
Sistema de información con el que las farmacias MINSA remiten el consumo integrado de medicamentos:;<b>SISMED</b> (DIGEMID regula/define esenciales · CENARES compra y abastece).;ENCAPS::Cifras cod::V-MED fuente::2024-2A-Q32 fuente::compendio-Lopez-GES
Custodia del oxígeno medicinal en el EESS: ¿qué profesional?;<b>Químico farmacéutico</b>.;ENCAPS::Cifras cod::V-MED fuente::2024-2A-Q15
Historia clínica: años en ARCHIVO ACTIVO desde la última atención (luego pasa al pasivo).;<b>5 años</b>.;ENCAPS::Cifras cod::III-8 critico fuente::2026-II-Q81 fuente::2025-1A-Q60 fuente::compendio-Lopez-GES
Copia autenticada de la historia clínica solicitada por el usuario o el Ministerio Público: plazo máximo de entrega.;<b>5 días</b> (el costo lo paga el solicitante).;ENCAPS::Cifras cod::III-8 fuente::2025-1A-Q13 fuente::2025-2-Q24 fuente::compendio-Lopez-GES
Pérdida total o parcial de una historia clínica: ¿quién es el responsable?;<b>Quien la recibió por última vez</b>.;ENCAPS::Cifras cod::III-8 fuente::2025-1A-Q32
Ley 27815: “no adoptar represalias ni ejercer coacción contra otros servidores” es el deber de…;<b>Ejercicio adecuado del cargo</b> (deber).;ENCAPS::Cifras cod::III-8 fuente::2026-II-Q30
Ley 27815: “no ejercer presiones, amenazas o acoso sexual contra otros servidores o subordinados” corresponde a…;<b>Una prohibición ética</b> (no un principio ni un deber).;ENCAPS::Cifras cod::III-8 fuente::2026-II-Q86
Ley 27815: principios, deberes y prohibiciones (lista para distinguirlos TEXTUALMENTE).;<b>Principios</b>: respeto, probidad, eficiencia, idoneidad, veracidad, lealtad y obediencia, justicia y equidad, lealtad al Estado de Derecho.<br><b>Deberes</b>: neutralidad, transparencia, discreción, ejercicio adecuado del cargo, uso adecuado de los bienes del Estado (proteger y conservar), responsabilidad.<br><b>Prohibiciones</b>: intereses en conflicto, ventajas indebidas, presiones/amenazas/acoso, información privilegiada, actividad política proselitista.;ENCAPS::Cifras cod::III-8 fuente::compendio-Lopez-ET fuente::2025-1A-Q48 fuente::2025-2-Q85 fuente::2025-2-Q06
Deber del servidor que guarda reserva sobre el tratamiento de planificación familiar de la esposa de quien lo exige:;<b>Discreción</b>.;ENCAPS::Cifras cod::III-8 fuente::2025-2-Q78
Formato de RETIRO VOLUNTARIO (madre rechaza hidratación parenteral de su hijo): ¿qué debe contener?;<b>Datos de identificación de la persona legalmente responsable que solicita el alta</b> (cuando no es el paciente). No requiere autorización del jefe del EESS.;ENCAPS::Cifras cod::III-3 fuente::2026-II-Q15
Familiar rechaza la referencia URGENTE de una paciente con ACV: medida de urgencia del médico.;<b>Solicitar la intervención del Ministerio Público</b>.;ENCAPS::Cifras cod::III-3 fuente::2026-II-Q57
Consentimiento informado POR ESCRITO (Ley 29414): ¿en qué casos?;Pruebas riesgosas, intervenciones quirúrgicas, anticoncepción quirúrgica, procedimientos que puedan afectar psíquica o físicamente, <b>participación en docencia</b> e investigación.;ENCAPS::Cifras cod::III-3 fuente::2024-2A-Q45 fuente::compendio-Lopez-ET
Estudio en menores en un colegio: documento que firman los PADRES.;<b>Consentimiento informado</b> (el asentimiento lo da el menor, además, no en lugar).;ENCAPS::Cifras cod::III-3 fuente::2025-1A-Q44
Derecho a una SEGUNDA OPINIÓN médica: ¿a qué categoría de derecho pertenece (Ley 29414)?;<b>Acceso a los servicios de salud</b>. Mismo grupo: adulto mayor indigente sin documentos → acceso a servicios (2025-1A Q89).;ENCAPS::Cifras cod::III-9 fuente::2026-II-Q70 fuente::2025-1A-Q89
Racionamiento de mascarillas/UCI en pandemia: ¿a qué principio de la ética de la salud pública pertenece el conflicto?;<b>Justicia</b> (distributiva).;ENCAPS::Cifras cod::III-1 fuente::2026-II-Q77
Paciente informado que rechaza cirugía y quimioterapia, usted respeta su decisión: principio.;<b>Autonomía</b>.;ENCAPS::Cifras cod::III-1 fuente::2025-2-Q40
Psicólogo difunde en su equipo el diagnóstico “equivocado” de un colega y este recibe burlas: falta deontológica.;<b>Críticas entre colegas</b>.;ENCAPS::Cifras cod::III-2 fuente::2026-II-Q12
Deontología: ¿con qué debe contar un profesional de la salud para ejercer?;<b>Título profesional y colegiatura</b>.;ENCAPS::Cifras cod::III-2 fuente::2025-1A-Q70
Categoría retirada de los registros civiles en el siglo XX cuya ausencia impide distinguir la salud de la población indígena:;Pertenencia <b>étnica</b>.;ENCAPS::Cifras cod::III-5 critico fuente::2026-II-Q29
Pertinencia cultural en los servicios de salud: 4 dimensiones.;1) Gestión para la calidad de la atención · 2) Revaloración del sistema de salud tradicional · 3) RRHH que promueven la salud intercultural · 4) <b>Participación ciudadana</b>. (La guía decía “atención intercultural”: ERROR.);ENCAPS::Cifras cod::III-5 critico fuente::2025-1A-Q76 fuente::Theomed-ET
Establecimiento de salud CON pertinencia cultural: ¿qué porcentaje de criterios debe cumplir?;Más del <b>80 %</b> de los criterios evaluados.;ENCAPS::Cifras cod::III-5 critico fuente::compendio-Lopez-ET
Inclusión social (definición):;Situación en la que todas las personas pueden <b>ejercer sus derechos, aprovechar sus habilidades y tomar ventaja de las oportunidades</b> de su medio.;ENCAPS::Cifras cod::III-5 critico fuente::2026-II-Q38
Preparaciones herbarias, acupuntura, quiropráctica usadas por pacientes crónicos: ¿qué tipo de práctica es?;<b>Medicina tradicional y complementaria</b>.;ENCAPS::Cifras cod::III-5 critico fuente::2026-II-Q64
Atención acorde a los patrones culturales de los pueblos indígenas exige formación básica del personal en…;<b>interculturalidad</b>.;ENCAPS::Cifras cod::III-5 critico fuente::2026-II-Q74
Usuaria con “brujería”/cuy negro y trastorno ansioso: ¿qué hace el psicólogo para que acepte el manejo?;<b>Reducir las barreras culturales</b> (no reforzar el esquema ni referir a psiquiatría).;ENCAPS::Cifras cod::III-5 critico fuente::2026-II-Q95
Ejemplos de pertinencia cultural / principios interculturales que el examen ya usó:;Parto vertical (2025-2 Q47/Q100) · traductor en comunidad aimara = <b>diversidad cultural</b> (2025-2 Q18) · charla en quechua sobre diversidad étnica = <b>prevención de la discriminación</b> (2025-2 Q69) · patrones alimentarios propios = <b>etnocentrismo</b> (2024-2A Q77).;ENCAPS::Cifras cod::III-5 critico fuente::2025-2-Q47 fuente::2025-2-Q18 fuente::2025-2-Q69 fuente::2024-2A-Q77
Investigación en salud = generación de conocimientos nuevos mediante la aplicación del…;<b>método científico</b> (enfoque sistemático: pensamiento reflexivo y ordenado).;ENCAPS::Cifras cod::IV-1+IV-2 critico fuente::2026-II-Q44 fuente::2026-II-Q56
Problema de investigación que recoge frecuencia, características, condiciones y prevalencia: tipo.;<b>Descriptivo</b>. (Analítico busca asociación · experimental establece causalidad).;ENCAPS::Cifras cod::IV-1+IV-2 critico fuente::2026-II-Q21 fuente::2026-II-Q63
Principal LIMITANTE de un estudio descriptivo:;<b>No permite hallar asociación entre variables</b>.;ENCAPS::Cifras cod::IV-1+IV-2 critico fuente::2025-1A-Q35
Efecto de los macrólidos en bronquiolitis: tipo de estudio adecuado.;<b>Analítico experimental</b> (el investigador controla el factor). Magnitud de una enfermedad = descriptivo transversal (2024-2A Q68).;ENCAPS::Cifras cod::IV-1+IV-2 critico fuente::2024-2A-Q20 fuente::2024-2A-Q68
Medir Hb y peso a todos los alumnos un día para relacionar anemia y peso: ¿método? ¿enfoque?;Método <b>observacional</b> (2025-1A Q24) · enfoque <b>cuantitativo</b> (2025-1A Q85). Entrevistas en profundidad y relatos = <b>cualitativo</b> (2025-2 Q27).;ENCAPS::Cifras cod::IV-1+IV-2 critico fuente::2025-1A-Q24 fuente::2025-1A-Q85 fuente::2025-2-Q27
Muestreo no probabilístico para inmigrantes ilegales cuyo número y localización se desconocen:;<b>Bola de nieve</b> (un participante refiere a otros). Cuotas = proporciones predeterminadas · Conveniencia = los más accesibles.;ENCAPS::Cifras cod::IV-1+IV-2 critico fuente::2026-II-Q18 fuente::compendio-Lopez-INV
Estimar prevalencia de neumonía en escolares controlando el SESGO DE SELECCIÓN: tipo de muestreo.;<b>Aleatorio simple</b> (probabilístico).;ENCAPS::Cifras cod::IV-1+IV-2 critico fuente::2024-2A-Q34
Cuestionario estructurado aplicado a niños con anemia: ¿qué es?;<b>Instrumento de recolección de datos</b> (instrumento de medición).;ENCAPS::Cifras cod::IV-1+IV-2 critico fuente::2026-II-Q66 fuente::2024-2A-Q81
Requisitos esenciales de todo instrumento: ¿cuáles son los tres? ¿Qué mide “resultados consistentes y coherentes”? ¿Y la opinión favorable de expertos?;Tres: <b>confiable, válido y objetivo</b>. Consistencia = <b>confiabilidad</b>. Juicio de expertos = <b>validez</b> (mide lo que pretende medir).;ENCAPS::Cifras cod::IV-1+IV-2 critico fuente::2024-2A-Q51 fuente::2024-2A-Q22 fuente::2025-2-Q59
Población vs muestra:;<b>Población</b> = conjunto al que se quiere medir la distribución de variables · <b>Muestra</b> = subgrupo representativo del que se recolectan los datos.;ENCAPS::Cifras cod::IV-1+IV-2 critico fuente::2024-2A-Q12 fuente::2024-2A-Q35
Lo PRIMERO al plantear una investigación (baja adherencia a lactancia):;<b>Revisar la literatura científica</b> sobre el tema (antes de pregunta, objetivos e instrumentos).;ENCAPS::Cifras cod::IV-1+IV-2 critico fuente::2025-1A-Q07
Investigador suprime casos, modifica medidas y altera parámetros estadísticos para conclusiones favorables:;<b>Fraude científico</b> (vs publicación redundante, autoría fantasma, conflicto de intereses).;ENCAPS::Cifras cod::IV-6+IV-7 fuente::2026-II-Q9
Partes del informe: “suscinta, toda la información, límite de palabras” / “define y conceptualiza las variables con posición del investigador” / “plausibilidad, puntos fuertes y débiles frente a otros estudios”.;<b>Resumen</b> (Q35) · <b>Marco teórico y conceptual</b> (Q75) · <b>Discusión</b> (Q87). Instrumento + validez + confiabilidad van en <b>Metodología</b> (2025-1A Q67).;ENCAPS::Cifras cod::IV-6+IV-7 fuente::2026-II-Q35 fuente::2026-II-Q75 fuente::2026-II-Q87 fuente::2025-1A-Q67
Herramienta para verificar que todas las secciones del informe sean coherentes entre sí:;<b>Matriz de consistencia</b>.;ENCAPS::Cifras cod::IV-6+IV-7 fuente::2025-1A-Q40
Estudio que no usa datos primarios sino los recogidos por otros estudios:;<b>Revisión sistemática</b>.;ENCAPS::Cifras cod::IV-6+IV-7 fuente::2024-2A-Q53
Medidas de tendencia central: moda / mediana / media (definiciones de examen).;<b>Moda</b> = valor que más se repite (Q60) · <b>Mediana</b> = valor central ordenado (no la afectan extremos) · <b>Media</b> = suma de datos / n (2025-1A Q59).;ENCAPS::Cifras cod::IV-6+IV-7 fuente::2026-II-Q60 fuente::2025-1A-Q59
Medida de dispersión asociada a la media:;<b>Desviación estándar</b>.;ENCAPS::Cifras cod::IV-6+IV-7 fuente::2024-2A-Q09
Datos cuantitativos DISCRETOS:;Valores individuales que <b>solo aceptan números enteros</b>.;ENCAPS::Cifras cod::IV-6+IV-7 fuente::2024-2A-Q97
Análisis para investigar si hay ASOCIACIÓN entre alcoholismo y violencia familiar:;Estadística <b>inferencial</b>.;ENCAPS::Cifras cod::IV-6+IV-7 fuente::2025-1A-Q18
Equipo multidisciplinario que actúa de forma integral, continuada, permanente, en la comunidad, con promoción y prevención: estrategia.;<b>Atención primaria de salud</b> (APS).;ENCAPS::Cifras cod::I-10 fuente::2026-II-Q40
Visitas domiciliarias + ampliar horarios + coordinar el cuidado según necesidades: ¿qué atributos de la APS?;<b>Accesibilidad y continuidad del cuidado</b>. Otros: primer contacto, integralidad (promoción→rehabilitación, 2025-2 Q88), coordinación.;ENCAPS::Cifras cod::I-10 fuente::2026-II-Q45 fuente::2025-2-Q88
Equidad en salud (definición): acceso al cuidado cuando se requiere, sin alteración por razones evitables e injustas.;<b>Equidad en salud</b> (no universalidad).;ENCAPS::Cifras cod::I-10 fuente::2025-1A-Q84
Fuente de datos para información en salud basada en la población: registro de…;<b>hechos vitales</b> (nacimientos, defunciones).;ENCAPS::Cifras cod::I-5+I-6 fuente::2026-II-Q13
Transición epidemiológica (Omran 1971): de enfermedades …… a enfermedades ……, ¿qué cambio representan Wolbachia y la vacuna del dengue?;De <b>infecciosas</b> a <b>crónicas</b>. Wolbachia/vacuna = <b>impacto de la investigación científica</b>.;ENCAPS::Cifras cod::I-5+I-6 fuente::2025-1A-Q11 fuente::2026-II-Q92
Determinantes sociales: violencia física atendida por psicología / programa JUNTOS / sedentarismo-alcohol: tipo.;Violencia = <b>estructural</b> (2025-1A Q98) · JUNTOS = <b>estructural por clase social</b> (2025-2 Q74) · sedentarismo, dieta, alcohol = <b>estilos de vida</b> (2025-2 Q11).;ENCAPS::Cifras cod::I-5+I-6 fuente::2025-1A-Q98 fuente::2025-2-Q74 fuente::2025-2-Q11
¿Quién elabora el plan local de salud (metas, determinantes, recursos, actores)?;<b>La autoridad local de salud</b>. El PSL es participativo, anual y lo conduce la <b>CLAS</b> con los jefes de EESS (2025-2 Q96).;ENCAPS::Cifras cod::I-11+I-12 fuente::2026-II-Q48 fuente::2025-2-Q96
Comunicación sobre dengue en peluquerías, ferias y radios locales: ¿qué se está haciendo? ¿Y reuniones con alcalde/comisario/párroco?;<b>Alianzas estratégicas</b> (Q88, 2025-1A Q94) · <b>Intersectorialidad</b> (2025-2 Q28/Q93).;ENCAPS::Cifras cod::I-11+I-12 fuente::2026-II-Q88 fuente::2025-2-Q93
Riesgo profesional (salud ocupacional): posibilidad de accidente o enfermedad…;<b>con vínculo laboral vigente</b>.;ENCAPS::Cifras cod::I-OCC fuente::2026-II-Q50
Sobrecarga de trabajo, mala comunicación y turnos inequitativos que causan estrés laboral: factor de riesgo.;<b>Psicosocial</b> (físico = ruido/temperatura · biológico = agentes · ergonómico = posturas/cargas).;ENCAPS::Cifras cod::I-OCC fuente::2026-II-Q54 fuente::compendio-Lopez-SP
Promoción de estilos de vida en el colegio con el equipo del EESS = escuelas ……, cocinas sin humo = ……;<b>saludables</b> (Q72) · <b>viviendas saludables</b> (2025-2 Q37). La familia es la unidad de <b>intervención</b> de mayor eficacia (2025-1A Q58).;ENCAPS::Cifras cod::I-1 fuente::2026-II-Q72 fuente::2025-2-Q37 fuente::2025-1A-Q58
Promoción de la salud (definición de Ottawa usada por el examen): ofrecer a los pueblos vías y medios para …… los problemas de salud.;<b>atenuar o eliminar</b> (la guía decía “controlar o mantener”: ERROR).;ENCAPS::Cifras cod::I-1 fuente::2025-1A-Q41
Niveles de prevención con ejemplos de examen:;<b>Primaria</b> = dieta a familia con riesgo (2024-2A Q85) · <b>específica</b> = aumentar cobertura de inmunización (2024-2A Q78) · <b>secundaria</b> = detección en fase subclínica · <b>terciaria</b> = reducir secuelas y discapacidad (2025-1A Q100).;ENCAPS::Cifras cod::I-1 fuente::2024-2A-Q85 fuente::2024-2A-Q78 fuente::2025-1A-Q100
Efectividad (definición): grado en que un programa puesto en práctica logra lo que pretende en una población determinada.;<b>Efectividad</b> (eficacia = en condiciones ideales · eficiencia = con el menor costo).;ENCAPS::Cifras cod::I-2 fuente::2024-2A-Q71
Sectorizar la jurisdicción para promoción y prevención según el MCI, en el marco de las FESP renovadas, corresponde a la etapa de:;<b>Acceso</b> (FESP: evaluación, desarrollo de políticas, asignación de recursos, acceso).;ENCAPS::Cifras cod::I-2 fuente::2025-1A-Q39
